{
"videoData":
[
     
    {
        "id":1,
        "thumbnail":"https://i.ytimg.com/vi/jIvjA6bSDqQ/hq720.jpg?sqp=-oaymwEcCNAFEJQDSFXyq4qpAw4IARUAAIhCGAFwAcABBg==&rs=AOn4CLDtB8xlTWR6DZU31lP3tP8hG24jxQ",
        "title":"Tere Bin",
        "channelName":"Har Pal Geo",
        "views":30
    },
    {
        "id":2,
        "thumbnail":"https://i.ytimg.com/vi/ahMEHjQvaLk/hqdefault.jpg?sqp=-oaymwEXCOADEI4CSFryq4qpAwkIARUAAIhCGAE=&rs=AOn4CLCE6khvJWq6kcBmw4_XkX-_Y1BqCg",
        "title":"Sajjda",
        "channelName":"Ghulam Jugni",
        "views":3
    },
    {
        "id":3,
        "thumbnail":"https://i.ytimg.com/vi/hKB-YGF14SY/hq720.jpg?sqp=-oaymwEcCNAFEJQDSFXyq4qpAw4IARUAAIhCGAFwAcABBg==&rs=AOn4CLC2knsH3PHkgmexe5C85L3lbk2FRw",
        "title":"javascript tutorial",
        "channelName":"code with harry",
        "views":1.5
    },
    {
        "id":4,
        "thumbnail":"https://i.ytimg.com/vi/MffQhVHYIyE/hq720.jpg?sqp=-oaymwEcCNAFEJQDSFXyq4qpAw4IARUAAIhCGAFwAcABBg==&rs=AOn4CLCPL6k5wafhSZcJT0xTpIBRdSdbOQ",
        "title":"causavtive verbs",
        "channelName":"English Lovers",
        "views":20
    },
    {
        "id":5,
        "thumbnail":"https://i.ytimg.com/vi/s4JMcsMC1dg/hq720.jpg?sqp=-oaymwEcCNAFEJQDSFXyq4qpAw4IARUAAIhCGAFwAcABBg==&rs=AOn4CLBhaTw6PpSM6csCZQmFDOkZo_ClZQ",
        "title":"Sare rah",
        "channelName":"Ary Digital",
        "views":4
    },
    {
        "id":6,
        "thumbnail":"https://i.ytimg.com/vi/J6XmGk2n8Ys/hqdefault.jpg?sqp=-oaymwEXCOADEI4CSFryq4qpAwkIARUAAIhCGAE=&rs=AOn4CLDETb0RIhtcA9PRHKV54K_9czk8Xg",
        "title":"dilbar",
        "channelName":"Ishfaq Kawa",
        "views":2
    },
    {
        "id":7,
        "thumbnail":"https://i.ytimg.com/vi/J6XmGk2n8Ys/hqdefault.jpg?sqp=-oaymwEXCOADEI4CSFryq4qpAwkIARUAAIhCGAE=&rs=AOn4CLDETb0RIhtcA9PRHKV54K_9czk8Xg",
        "title":"dilbar",
        "channelName":"Ishfaq Kawa",
        "views":2
    },
    {
        "id":8,
        "thumbnail":"https://i.ytimg.com/vi/J6XmGk2n8Ys/hqdefault.jpg?sqp=-oaymwEXCOADEI4CSFryq4qpAwkIARUAAIhCGAE=&rs=AOn4CLDETb0RIhtcA9PRHKV54K_9czk8Xg",
        "title":"dilbar",
        "channelName":"Ishfaq Kawa",
        "views":26
    },
    {
        "id":9,
        "thumbnail":"https://i.ytimg.com/vi/J6XmGk2n8Ys/hqdefault.jpg?sqp=-oaymwEXCOADEI4CSFryq4qpAwkIARUAAIhCGAE=&rs=AOn4CLDETb0RIhtcA9PRHKV54K_9czk8Xg",
        "title":"dilbar",
        "channelName":"Ishfaq Kawa",
        "views":2
    },
    {
        "id":10,
        "thumbnail":"https://i.ytimg.com/vi/J6XmGk2n8Ys/hqdefault.jpg?sqp=-oaymwEXCOADEI4CSFryq4qpAwkIARUAAIhCGAE=&rs=AOn4CLDETb0RIhtcA9PRHKV54K_9czk8Xg",
        "title":"dilbar",
        "channelName":"Ishfaq Kawa",
        "views":2
    },
    
    {
        "id":11,
        "thumbnail":"https://i.ytimg.com/vi/J6XmGk2n8Ys/hqdefault.jpg?sqp=-oaymwEXCOADEI4CSFryq4qpAwkIARUAAIhCGAE=&rs=AOn4CLDETb0RIhtcA9PRHKV54K_9czk8Xg",
        "title":"dilbar",
        "channelName":"Ishfaq Kawa",
        "views":2
    },
    {
        "id":12,
        "thumbnail":"https://i.ytimg.com/vi/J6XmGk2n8Ys/hqdefault.jpg?sqp=-oaymwEXCOADEI4CSFryq4qpAwkIARUAAIhCGAE=&rs=AOn4CLDETb0RIhtcA9PRHKV54K_9czk8Xg",
        "title":"dilbar",
        "channelName":"Ishfaq Kawa",
        "views":2
    },
    {
        "id":13,
        "thumbnail":"https://i.ytimg.com/vi/J6XmGk2n8Ys/hqdefault.jpg?sqp=-oaymwEXCOADEI4CSFryq4qpAwkIARUAAIhCGAE=&rs=AOn4CLDETb0RIhtcA9PRHKV54K_9czk8Xg",
        "title":"dilbar",
        "channelName":"Ishfaq Kawa",
        "views":2
    },
    
    {
        "id":14,
        "thumbnail":"https://i.ytimg.com/vi/J6XmGk2n8Ys/hqdefault.jpg?sqp=-oaymwEXCOADEI4CSFryq4qpAwkIARUAAIhCGAE=&rs=AOn4CLDETb0RIhtcA9PRHKV54K_9czk8Xg",
        "title":"dilbar",
        "channelName":"Ishfaq Kawa",
        "views":2
    }
]
}
